{
  "Get News And Comments" : {
    "transaction" : "Get News And Comments",
    "sampleCount" : 6560,
    "errorCount" : 5,
    "errorPct" : 0.076219514,
    "meanResTime" : 11052.030335365876,
    "minResTime" : 27.0,
    "maxResTime" : 50546.0,
    "pct1ResTime" : 27467.9,
    "pct2ResTime" : 29225.85,
    "pct3ResTime" : 34414.39,
    "throughput" : 16.063430962752918,
    "receivedKBytesPerSec" : 10.40200319983055,
    "sentKBytesPerSec" : 7.527829787012618
  },
  "List News" : {
    "transaction" : "List News",
    "sampleCount" : 2764,
    "errorCount" : 1,
    "errorPct" : 0.03617945,
    "meanResTime" : 13108.180173661389,
    "minResTime" : 246.0,
    "maxResTime" : 44365.0,
    "pct1ResTime" : 28695.0,
    "pct2ResTime" : 30217.0,
    "pct3ResTime" : 35589.25,
    "throughput" : 6.76555539237284,
    "receivedKBytesPerSec" : 12.610872615747539,
    "sentKBytesPerSec" : 2.4304655182173103
  },
  "Total" : {
    "transaction" : "Total",
    "sampleCount" : 11801,
    "errorCount" : 6,
    "errorPct" : 0.05084315,
    "meanResTime" : 12284.430980425372,
    "minResTime" : 27.0,
    "maxResTime" : 50546.0,
    "pct1ResTime" : 28053.800000000007,
    "pct2ResTime" : 29555.6,
    "pct3ResTime" : 34802.53999999999,
    "throughput" : 28.802948390954686,
    "receivedKBytesPerSec" : 27.044909456878564,
    "sentKBytesPerSec" : 11.361479931171669
  },
  "Login" : {
    "transaction" : "Login",
    "sampleCount" : 2477,
    "errorCount" : 0,
    "errorPct" : 0.0,
    "meanResTime" : 14629.083972547432,
    "minResTime" : 129.0,
    "maxResTime" : 48427.0,
    "pct1ResTime" : 28586.80000000001,
    "pct2ResTime" : 30244.6,
    "pct3ResTime" : 36212.23999999998,
    "throughput" : 6.046197144593695,
    "receivedKBytesPerSec" : 4.102428269297426,
    "sentKBytesPerSec" : 1.434790923961199
  }
}