{
  "List News" : {
    "transaction" : "List News",
    "sampleCount" : 6327,
    "errorCount" : 0,
    "errorPct" : 0.0,
    "meanResTime" : 5440.232653706335,
    "minResTime" : 103.0,
    "maxResTime" : 16424.0,
    "pct1ResTime" : 14509.2,
    "pct2ResTime" : 14677.599999999999,
    "pct3ResTime" : 14870.0,
    "throughput" : 13.346130318307424,
    "receivedKBytesPerSec" : 24.880627712547724,
    "sentKBytesPerSec" : 4.7962655831417305
  },
  "Total" : {
    "transaction" : "Total",
    "sampleCount" : 6332,
    "errorCount" : 0,
    "errorPct" : 0.0,
    "meanResTime" : 5436.057959570447,
    "minResTime" : 103.0,
    "maxResTime" : 16424.0,
    "pct1ResTime" : 14509.0,
    "pct2ResTime" : 14677.349999999999,
    "pct3ResTime" : 14870.0,
    "throughput" : 13.331733188478115,
    "receivedKBytesPerSec" : 24.84130718017631,
    "sentKBytesPerSec" : 4.789847669762737
  },
  "Login" : {
    "transaction" : "Login",
    "sampleCount" : 5,
    "errorCount" : 0,
    "errorPct" : 0.0,
    "meanResTime" : 153.4,
    "minResTime" : 130.0,
    "maxResTime" : 215.0,
    "pct1ResTime" : 215.0,
    "pct2ResTime" : 215.0,
    "pct3ResTime" : 215.0,
    "throughput" : 5.7405281285878305,
    "receivedKBytesPerSec" : 3.8961592278989667,
    "sentKBytesPerSec" : 1.384678171641791
  }
}