{
  "Total" : {
    "transaction" : "Total",
    "sampleCount" : 5929,
    "errorCount" : 1,
    "errorPct" : 0.01686625,
    "meanResTime" : 5801.659470399736,
    "minResTime" : 113.0,
    "maxResTime" : 17970.0,
    "pct1ResTime" : 14508.0,
    "pct2ResTime" : 14729.5,
    "pct3ResTime" : 15060.7,
    "throughput" : 12.51916198262647,
    "receivedKBytesPerSec" : 34.61284876919893,
    "sentKBytesPerSec" : 4.534350955143013
  },
  "Search Gyms" : {
    "transaction" : "Search Gyms",
    "sampleCount" : 5925,
    "errorCount" : 1,
    "errorPct" : 0.016877636,
    "meanResTime" : 5805.422616033757,
    "minResTime" : 113.0,
    "maxResTime" : 17970.0,
    "pct1ResTime" : 14508.0,
    "pct2ResTime" : 14729.7,
    "pct3ResTime" : 15060.74,
    "throughput" : 12.510715929678163,
    "receivedKBytesPerSec" : 34.607116340684215,
    "sentKBytesPerSec" : 4.532313674793177
  },
  "Login" : {
    "transaction" : "Login",
    "sampleCount" : 4,
    "errorCount" : 0,
    "errorPct" : 0.0,
    "meanResTime" : 227.5,
    "minResTime" : 201.0,
    "maxResTime" : 253.0,
    "pct1ResTime" : 253.0,
    "pct2ResTime" : 253.0,
    "pct3ResTime" : 253.0,
    "throughput" : 4.268943436499467,
    "receivedKBytesPerSec" : 2.8973786019210244,
    "sentKBytesPerSec" : 1.029715848452508
  }
}