{
  "Search Order" : {
    "transaction" : "Search Order",
    "sampleCount" : 2428,
    "errorCount" : 0,
    "errorPct" : 0.0,
    "meanResTime" : 15546.408154859948,
    "minResTime" : 27.0,
    "maxResTime" : 59409.0,
    "pct1ResTime" : 37040.3,
    "pct2ResTime" : 38624.04999999991,
    "pct3ResTime" : 45275.200000000004,
    "throughput" : 5.797018403384619,
    "receivedKBytesPerSec" : 24.13626740612674,
    "sentKBytesPerSec" : 2.1050527533449848
  },
  "Total" : {
    "transaction" : "Total",
    "sampleCount" : 9062,
    "errorCount" : 3,
    "errorPct" : 0.033105277,
    "meanResTime" : 16543.491723681305,
    "minResTime" : 27.0,
    "maxResTime" : 61316.0,
    "pct1ResTime" : 37187.0,
    "pct2ResTime" : 39277.7,
    "pct3ResTime" : 46747.050000000054,
    "throughput" : 21.551252598184007,
    "receivedKBytesPerSec" : 43.398175433456764,
    "sentKBytesPerSec" : 7.7598660575203455
  },
  "Search Gyms" : {
    "transaction" : "Search Gyms",
    "sampleCount" : 2103,
    "errorCount" : 0,
    "errorPct" : 0.0,
    "meanResTime" : 17903.30718021874,
    "minResTime" : 230.0,
    "maxResTime" : 61316.0,
    "pct1ResTime" : 37940.2,
    "pct2ResTime" : 41876.2,
    "pct3ResTime" : 51006.8,
    "throughput" : 5.016160001908192,
    "receivedKBytesPerSec" : 13.793801767164783,
    "sentKBytesPerSec" : 1.813052704862312
  },
  "Login" : {
    "transaction" : "Login",
    "sampleCount" : 2260,
    "errorCount" : 3,
    "errorPct" : 0.13274336,
    "meanResTime" : 16388.12920353983,
    "minResTime" : 130.0,
    "maxResTime" : 55678.0,
    "pct1ResTime" : 33053.8,
    "pct2ResTime" : 38180.94999999998,
    "pct3ResTime" : 46652.849999999984,
    "throughput" : 5.374733046997998,
    "receivedKBytesPerSec" : 3.64987813209001,
    "sentKBytesPerSec" : 1.2754493461137826
  },
  "Create Order" : {
    "transaction" : "Create Order",
    "sampleCount" : 2271,
    "errorCount" : 0,
    "errorPct" : 0.0,
    "meanResTime" : 16504.89476001758,
    "minResTime" : 57.0,
    "maxResTime" : 60194.0,
    "pct1ResTime" : 37421.2,
    "pct2ResTime" : 38661.4,
    "pct3ResTime" : 49844.44000000002,
    "throughput" : 5.420409955796568,
    "receivedKBytesPerSec" : 1.9607095984337857,
    "sentKBytesPerSec" : 2.5892453172586714
  }
}