{
  "Total" : {
    "transaction" : "Total",
    "sampleCount" : 4071,
    "errorCount" : 0,
    "errorPct" : 0.0,
    "meanResTime" : 8315.316629820683,
    "minResTime" : 133.0,
    "maxResTime" : 34007.0,
    "pct1ResTime" : 20007.800000000003,
    "pct2ResTime" : 23899.8,
    "pct3ResTime" : 29298.799999999977,
    "throughput" : 8.700000641120164,
    "receivedKBytesPerSec" : 5.9030867899059905,
    "sentKBytesPerSec" : 2.0645509333908203
  },
  "Login" : {
    "transaction" : "Login",
    "sampleCount" : 4071,
    "errorCount" : 0,
    "errorPct" : 0.0,
    "meanResTime" : 8315.316629820683,
    "minResTime" : 133.0,
    "maxResTime" : 34007.0,
    "pct1ResTime" : 20007.800000000003,
    "pct2ResTime" : 23899.8,
    "pct3ResTime" : 29298.799999999977,
    "throughput" : 8.700000641120164,
    "receivedKBytesPerSec" : 5.9030867899059905,
    "sentKBytesPerSec" : 2.0645509333908203
  }
}